{"cameraMode":{"drawMode":0,"name":"Shaded","section":"Shading Mode"},"sceneLighting":false,"audioPlay":false,"sceneViewState":{"showFog":true,"showMaterialUpdate":false,"showSkybox":false,"showFlares":true,"showImageEffects":true,"showParticleSystems":true},"in2DMode":false,"pivot":{"x":0.008560866117477417,"y":0.0000017583370208740235,"z":0.19499999284744264},"rotation":{"x":-0.042589202523231509,"y":0.950728178024292,"z":-0.15128153562545777,"w":-0.26742756366729739},"size":2.1296122074127199,"orthographic":false}