{"cameraMode":{"drawMode":0,"name":"Shaded","section":"Shading Mode"},"sceneLighting":false,"audioPlay":false,"sceneViewState":{"showFog":true,"showMaterialUpdate":true,"showSkybox":false,"showFlares":true,"showImageEffects":true,"showParticleSystems":true},"in2DMode":false,"pivot":{"x":12.298561096191407,"y":2.8955507278442385,"z":1.6905549764633179},"rotation":{"x":0.12601500749588014,"y":-0.8382914066314697,"z":0.22486774623394013,"w":0.4813496768474579},"size":0.6428737640380859,"orthographic":false}