{"cameraMode":{"drawMode":0,"name":"Shaded","section":"Shading Mode"},"sceneLighting":false,"audioPlay":false,"sceneViewState":{"showFog":true,"showMaterialUpdate":true,"showSkybox":false,"showFlares":true,"showImageEffects":true,"showParticleSystems":true},"in2DMode":false,"pivot":{"x":10.918327331542969,"y":0.9292328357696533,"z":-1.2328920364379883},"rotation":{"x":0.06454344093799591,"y":0.8981274366378784,"z":-0.4124261736869812,"w":0.13896417617797852},"size":0.32939255237579348,"orthographic":false}