{"cameraMode":{"drawMode":0,"name":"Shaded","section":"Shading Mode"},"sceneLighting":false,"audioPlay":false,"sceneViewState":{"showFog":true,"showMaterialUpdate":true,"showSkybox":false,"showFlares":true,"showImageEffects":true,"showParticleSystems":true},"in2DMode":false,"pivot":{"x":2.780060052871704,"y":3.909770965576172,"z":2.3589229583740236},"rotation":{"x":0.012117280624806881,"y":0.9753944277763367,"z":-0.05068937689065933,"w":0.2193879783153534},"size":3.2077581882476808,"orthographic":false}