{"cameraMode":{"drawMode":0,"name":"Shaded","section":"Shading Mode"},"sceneLighting":true,"audioPlay":false,"sceneViewState":{"showFog":true,"showMaterialUpdate":true,"showSkybox":true,"showFlares":true,"showImageEffects":true,"showParticleSystems":true},"in2DMode":false,"pivot":{"x":120.59235382080078,"y":-4.411325454711914,"z":233.9750213623047},"rotation":{"x":0.012452930212020874,"y":0.7232874035835266,"z":-0.013004745356738568,"w":0.6904974579811096},"size":119.07957458496094,"orthographic":false}